index,I,Q,valid,chirp_start,chirp_end
0,8191,0,1,1,0
1,7921,2088,1,0,0
2,7102,4081,1,0,0
3,5792,5792,1,0,0
4,4124,7077,1,0,0
5,2136,7908,1,0,0
6,0,8191,1,0,0
7,-2088,7921,1,0,0
8,-4081,7102,1,0,0
9,-5792,5792,1,0,0
10,-7102,4081,1,0,0
11,-7921,2088,1,0,0
12,-8191,0,1,0,0
13,-7908,-2136,1,0,0
14,-7077,-4124,1,0,0
15,-5756,-5827,1,0,0
16,-4037,-7127,1,0,0
17,-2039,-7933,1,0,0
18,50,-8191,1,0,0
19,2185,-7894,1,0,0
20,4168,-7051,1,0,0
21,5863,-5720,1,0,0
22,7152,-3994,1,0,0
23,7946,-1990,1,0,0
24,8190,151,1,0,0
25,7867,2281,1,0,0
26,7000,4254,1,0,0
27,5648,5932,1,0,0
28,3905,7200,1,0,0
29,1893,7969,1,0,0
30,-251,8187,1,0,0
31,-2378,7838,1,0,0
32,-4340,6947,1,0,0
33,-6001,5575,1,0,0
34,-7247,3817,1,0,0
35,-7992,1795,1,0,0
36,-8181,-402,1,0,0
37,-7793,-2522,1,0,0
38,-6866,-4467,1,0,0
39,-5463,-6103,1,0,0
40,-3683,-7316,1,0,0
41,-1647,-8024,1,0,0
42,552,-8172,1,0,0
43,2665,-7745,1,0,0
44,4592,-6783,1,0,0
45,6202,-5350,1,0,0
46,7383,-3547,1,0,0
47,8062,-1450,1,0,0
48,8161,703,1,0,0
49,7695,2807,1,0,0
50,6668,4757,1,0,0
51,5196,6332,1,0,0
52,3365,7468,1,0,0
53,1301,8087,1,0,0
54,-903,8141,1,0,0
55,-2995,7624,1,0,0
56,-4920,6549,1,0,0
57,-6457,5039,1,0,0
58,-7548,3181,1,0,0
59,-8123,1053,1,0,0
60,-8116,-1102,1,0,0
61,-7528,-3227,1,0,0
62,-6426,-5079,1,0,0
63,-4839,-6609,1,0,0
64,-2948,-7642,1,0,0
65,-853,-8146,1,0,0
66,1351,-8079,1,0,0
67,3411,-7447,1,0,0
68,5274,-6267,1,0,0
69,6754,-4634,1,0,0
70,7729,-2712,1,0,0
71,8172,-552,1,0,0
72,8034,1598,1,0,0
73,7316,3683,1,0,0
74,6103,5463,1,0,0
75,4425,6893,1,0,0
76,2426,7824,1,0,0
77,301,8185,1,0,0
78,-1893,7969,1,0,0
79,-3950,7176,1,0,0
80,-5684,5898,1,0,0
81,-7051,4168,1,0,0
82,-7908,2136,1,0,0
83,-8191,0,1,0,0
84,-7894,-2185,1,0,0
85,-7026,-4211,1,0,0
86,-5648,-5932,1,0,0
87,-3905,-7200,1,0,0
88,-1844,-7981,1,0,0
89,352,-8183,1,0,0
90,2522,-7793,1,0,0
91,4509,-6838,1,0,0
92,6136,-5426,1,0,0
93,7361,-3593,1,0,0
94,8053,-1499,1,0,0
95,8161,703,1,0,0
96,7678,2854,1,0,0
97,6638,4798,1,0,0
98,5118,6395,1,0,0
99,3227,7528,1,0,0
100,1102,8116,1,0,0
101,-1053,8123,1,0,0
102,-3181,7548,1,0,0
103,-5079,6426,1,0,0
104,-6609,4839,1,0,0
105,-7660,2901,1,0,0
106,-8156,753,1,0,0
107,-8062,-1450,1,0,0
108,-7383,-3547,1,0,0
109,-6136,-5426,1,0,0
110,-4467,-6866,1,0,0
111,-2474,-7809,1,0,0
112,-301,-8185,1,0,0
113,1893,-7969,1,0,0
114,3950,-7176,1,0,0
115,5720,-5863,1,0,0
116,7077,-4124,1,0,0
117,7921,-2088,1,0,0
118,8190,151,1,0,0
119,7853,2330,1,0,0
120,6947,4340,1,0,0
121,5538,6035,1,0,0
122,3728,7294,1,0,0
123,1598,8034,1,0,0
124,-603,8169,1,0,0
125,-2759,7712,1,0,0
126,-4716,6697,1,0,0
127,-6363,5157,1,0,0
128,-7509,3273,1,0,0
129,-8110,1152,1,0,0
130,-8116,-1102,1,0,0
131,-7528,-3227,1,0,0
132,-6395,-5118,1,0,0
133,-4757,-6668,1,0,0
134,-2807,-7695,1,0,0
135,-653,-8165,1,0,0
136,1598,-8034,1,0,0
137,3683,-7316,1,0,0
138,5538,-6035,1,0,0
139,6947,-4340,1,0,0
140,7853,-2330,1,0,0
141,8190,-101,1,0,0
142,7921,2088,1,0,0
143,7051,4168,1,0,0
144,5684,5898,1,0,0
145,3861,7224,1,0,0
146,1795,7992,1,0,0
147,-452,8179,1,0,0
148,-2617,7762,1,0,0
149,-4634,6754,1,0,0
150,-6300,5235,1,0,0
151,-7468,3365,1,0,0
152,-8102,1202,1,0,0
153,-8129,-1003,1,0,0
154,-7548,-3181,1,0,0
155,-6395,-5118,1,0,0
156,-4798,-6638,1,0,0
157,-2807,-7695,1,0,0
158,-603,-8169,1,0,0
159,1598,-8034,1,0,0
160,3728,-7294,1,0,0
161,5575,-6001,1,0,0
162,6973,-4297,1,0,0
163,7881,-2233,1,0,0
164,8191,0,1,0,0
165,7881,2233,1,0,0
166,7000,4254,1,0,0
167,5575,6001,1,0,0
168,3728,7294,1,0,0
169,1598,8034,1,0,0
170,-653,8165,1,0,0
171,-2854,7678,1,0,0
172,-4798,6638,1,0,0
173,-6426,5079,1,0,0
174,-7567,3135,1,0,0
175,-8135,953,1,0,0
176,-8087,-1301,1,0,0
177,-7426,-3457,1,0,0
178,-6202,-5350,1,0,0
179,-4509,-6838,1,0,0
180,-2474,-7809,1,0,0
181,-251,-8187,1,0,0
182,1990,-7946,1,0,0
183,4081,-7102,1,0,0
184,5863,-5720,1,0,0
185,7200,-3905,1,0,0
186,7992,-1795,1,0,0
187,8179,452,1,0,0
188,7745,2665,1,0,0
189,6726,4675,1,0,0
190,5196,6332,1,0,0
191,3273,7509,1,0,0
192,1102,8116,1,0,0
193,-1152,8110,1,0,0
194,-3319,7488,1,0,0
195,-5274,6267,1,0,0
196,-6783,4592,1,0,0
197,-7778,2569,1,0,0
198,-8183,352,1,0,0
199,-7969,-1893,1,0,0
200,-7127,-4037,1,0,0
201,-5756,-5827,1,0,0
202,-3950,-7176,1,0,0
203,-1844,-7981,1,0,0
204,452,-8179,1,0,0
205,2665,-7745,1,0,0
206,4675,-6726,1,0,0
207,6332,-5196,1,0,0
208,7528,-3227,1,0,0
209,8123,-1053,1,0,0
210,8102,1202,1,0,0
211,7447,3411,1,0,0
212,6235,5312,1,0,0
213,4509,6838,1,0,0
214,2474,7809,1,0,0
215,251,8187,1,0,0
216,-2039,7933,1,0,0
217,-4124,7077,1,0,0
218,-5932,5648,1,0,0
219,-7247,3817,1,0,0
220,-8024,1647,1,0,0
221,-8169,-603,1,0,0
222,-7678,-2854,1,0,0
223,-6609,-4839,1,0,0
224,-5000,-6488,1,0,0
225,-3041,-7605,1,0,0
226,-803,-8152,1,0,0
227,1450,-8062,1,0,0
228,3638,-7339,1,0,0
229,5501,-6069,1,0,0
230,6973,-4297,1,0,0
231,7894,-2185,1,0,0
232,8191,50,1,0,0
233,7853,2330,1,0,0
234,6920,4382,1,0,0
235,5426,6136,1,0,0
236,3502,7405,1,0,0
237,1351,8079,1,0,0
238,-953,8135,1,0,0
239,-3181,7548,1,0,0
240,-5157,6363,1,0,0
241,-6697,4716,1,0,0
242,-7745,2665,1,0,0
243,-8181,402,1,0,0
244,-7969,-1893,1,0,0
245,-7152,-3994,1,0,0
246,-5756,-5827,1,0,0
247,-3905,-7200,1,0,0
248,-1746,-8003,1,0,0
249,552,-8172,1,0,0
250,2807,-7695,1,0,0
251,4798,-6638,1,0,0
252,6457,-5039,1,0,0
253,7605,-3041,1,0,0
254,8152,-803,1,0,0
255,8053,1499,1,0,0
256,7316,3683,1,0,0
257,6001,5575,1,0,0
258,4211,7026,1,0,0
259,2088,7921,1,0,0
260,-201,8189,1,0,0
261,-2474,7809,1,0,0
262,-4551,6811,1,0,0
263,-6267,5274,1,0,0
264,-7488,3319,1,0,0
265,-8116,1102,1,0,0
266,-8102,-1202,1,0,0
267,-7447,-3411,1,0,0
268,-6202,-5350,1,0,0
269,-4467,-6866,1,0,0
270,-2378,-7838,1,0,0
271,-101,-8190,1,0,0
272,2233,-7881,1,0,0
273,4340,-6947,1,0,0
274,6103,-5463,1,0,0
275,7383,-3547,1,0,0
276,8079,-1351,1,0,0
277,8129,1003,1,0,0
278,7528,3227,1,0,0
279,6332,5196,1,0,0
280,4634,6754,1,0,0
281,2569,7778,1,0,0
282,251,8187,1,0,0
283,-2039,7933,1,0,0
284,-4168,7051,1,0,0
285,-6001,5575,1,0,0
286,-7316,3683,1,0,0
287,-8053,1499,1,0,0
288,-8146,-853,1,0,0
289,-7587,-3088,1,0,0
290,-6426,-5079,1,0,0
291,-4716,-6697,1,0,0
292,-2665,-7745,1,0,0
293,-402,-8181,1,0,0
294,1941,-7958,1,0,0
295,4081,-7102,1,0,0
296,5932,-5648,1,0,0
297,7271,-3772,1,0,0
298,8043,-1549,1,0,0
299,8156,753,1,0,0
300,7605,3041,1,0,0
301,6457,5039,1,0,0
302,4757,6668,1,0,0
303,2712,7729,1,0,0
304,402,8181,1,0,0
305,-1893,7969,1,0,0
306,-4081,7102,1,0,0
307,-5898,5684,1,0,0
308,-7271,3772,1,0,0
309,-8043,1549,1,0,0
310,-8156,-753,1,0,0
311,-7605,-3041,1,0,0
312,-6426,-5079,1,0,0
313,-4757,-6668,1,0,0
314,-2665,-7745,1,0,0
315,-352,-8183,1,0,0
316,1941,-7958,1,0,0
317,4124,-7077,1,0,0
318,5967,-5612,1,0,0
319,7294,-3728,1,0,0
320,8053,-1499,1,0,0
321,8146,853,1,0,0
322,7567,3135,1,0,0
323,6363,5157,1,0,0
324,4675,6726,1,0,0
325,2569,7778,1,0,0
326,251,8187,1,0,0
327,-2088,7921,1,0,0
328,-4254,7000,1,0,0
329,-6069,5501,1,0,0
330,-7361,3593,1,0,0
331,-8079,1351,1,0,0
332,-8129,-1003,1,0,0
333,-7509,-3273,1,0,0
334,-6267,-5274,1,0,0
335,-4509,-6838,1,0,0
336,-2378,-7838,1,0,0
337,-50,-8191,1,0,0
338,2281,-7867,1,0,0
339,4425,-6893,1,0,0
340,6202,-5350,1,0,0
341,7468,-3365,1,0,0
342,8116,-1102,1,0,0
343,8095,1252,1,0,0
344,7405,3502,1,0,0
345,6103,5463,1,0,0
346,4297,6973,1,0,0
347,2136,7908,1,0,0
348,-201,8189,1,0,0
349,-2569,7778,1,0,0
350,-4675,6726,1,0,0
351,-6395,5118,1,0,0
352,-7587,3088,1,0,0
353,-8152,803,1,0,0
354,-8043,-1549,1,0,0
355,-7247,-3817,1,0,0
356,-5863,-5720,1,0,0
357,-3994,-7152,1,0,0
358,-1795,-7992,1,0,0
359,552,-8172,1,0,0
360,2901,-7660,1,0,0
361,4960,-6519,1,0,0
362,6609,-4839,1,0,0
363,7729,-2712,1,0,0
364,8181,-402,1,0,0
365,7958,1941,1,0,0
366,7051,4168,1,0,0
367,5575,6001,1,0,0
368,3638,7339,1,0,0
369,1351,8079,1,0,0
370,-1003,8129,1,0,0
371,-3273,7509,1,0,0
372,-5312,6235,1,0,0
373,-6866,4467,1,0,0
374,-7867,2281,1,0,0
375,-8191,-50,1,0,0
376,-7824,-2426,1,0,0
377,-6811,-4551,1,0,0
378,-5196,-6332,1,0,0
379,-3181,-7548,1,0,0
380,-853,-8146,1,0,0
381,1499,-8053,1,0,0
382,3772,-7271,1,0,0
383,5684,-5898,1,0,0
384,7152,-3994,1,0,0
385,7992,-1795,1,0,0
386,8169,603,1,0,0
387,7642,2948,1,0,0
388,6488,5000,1,0,0
389,4757,6668,1,0,0
390,2617,7762,1,0,0
391,301,8185,1,0,0
392,-2088,7921,1,0,0
393,-4297,6973,1,0,0
394,-6103,5463,1,0,0
395,-7426,3457,1,0,0
396,-8110,1152,1,0,0
397,-8102,-1202,1,0,0
398,-7405,-3502,1,0,0
399,-6069,-5501,1,0,0
400,-4211,-7026,1,0,0
401,-2039,-7933,1,0,0
402,352,-8183,1,0,0
403,2712,-7729,1,0,0
404,4839,-6609,1,0,0
405,6549,-4920,1,0,0
406,7695,-2807,1,0,0
407,8176,-502,1,0,0
408,7969,1893,1,0,0
409,7077,4124,1,0,0
410,5575,6001,1,0,0
411,3593,7361,1,0,0
412,1301,8087,1,0,0
413,-1102,8116,1,0,0
414,-3411,7447,1,0,0
415,-5426,6136,1,0,0
416,-6973,4297,1,0,0
417,-7921,2088,1,0,0
418,-8185,-301,1,0,0
419,-7745,-2665,1,0,0
420,-6638,-4798,1,0,0
421,-4960,-6519,1,0,0
422,-2854,-7678,1,0,0
423,-502,-8176,1,0,0
424,1893,-7969,1,0,0
425,4124,-7077,1,0,0
426,6001,-5575,1,0,0
427,7361,-3593,1,0,0
428,8095,-1252,1,0,0
429,8110,1152,1,0,0
430,7426,3457,1,0,0
431,6103,5463,1,0,0
432,4254,7000,1,0,0
433,2039,7933,1,0,0
434,-402,8181,1,0,0
435,-2759,7712,1,0,0
436,-4879,6579,1,0,0
437,-6579,4879,1,0,0
438,-7729,2712,1,0,0
439,-8183,352,1,0,0
440,-7933,-2039,1,0,0
441,-7000,-4254,1,0,0
442,-5426,-6136,1,0,0
443,-3411,-7447,1,0,0
444,-1102,-8116,1,0,0
445,1351,-8079,1,0,0
446,3638,-7339,1,0,0
447,5648,-5932,1,0,0
448,7127,-4037,1,0,0
449,7992,-1795,1,0,0
450,8165,653,1,0,0
451,7624,2995,1,0,0
452,6395,5118,1,0,0
453,4634,6754,1,0,0
454,2426,7824,1,0,0
455,50,8191,1,0,0
456,-2330,7853,1,0,0
457,-4551,6811,1,0,0
458,-6363,5157,1,0,0
459,-7587,3088,1,0,0
460,-8161,703,1,0,0
461,-8013,-1696,1,0,0
462,-7152,-3994,1,0,0
463,-5684,-5898,1,0,0
464,-3683,-7316,1,0,0
465,-1400,-8070,1,0,0
466,1053,-8123,1,0,0
467,3411,-7447,1,0,0
468,5426,-6136,1,0,0
469,7000,-4254,1,0,0
470,7946,-1990,1,0,0
471,8181,402,1,0,0
472,7695,2807,1,0,0
473,6519,4960,1,0,0
474,4757,6668,1,0,0
475,2617,7762,1,0,0
476,201,8189,1,0,0
477,-2233,7881,1,0,0
478,-4467,6866,1,0,0
479,-6267,5274,1,0,0
480,-7548,3181,1,0,0
481,-8152,803,1,0,0
482,-8024,-1647,1,0,0
483,-7176,-3950,1,0,0
484,-5720,-5863,1,0,0
485,-3728,-7294,1,0,0
486,-1400,-8070,1,0,0
487,1053,-8123,1,0,0
488,3411,-7447,1,0,0
489,5463,-6103,1,0,0
490,7026,-4211,1,0,0
491,7958,-1941,1,0,0
492,8176,502,1,0,0
493,7660,2901,1,0,0
494,6457,5039,1,0,0
495,4675,6726,1,0,0
496,2474,7809,1,0,0
497,50,8191,1,0,0
498,-2378,7838,1,0,0
499,-4592,6783,1,0,0
500,-6395,5118,1,0,0
501,-7624,2995,1,0,0
502,-8169,603,1,0,0
503,-7981,-1844,1,0,0
504,-7077,-4124,1,0,0
505,-5538,-6035,1,0,0
506,-3502,-7405,1,0,0
507,-1102,-8116,1,0,0
508,1351,-8079,1,0,0
509,3683,-7316,1,0,0
510,5684,-5898,1,0,0
511,7176,-3950,1,0,0
512,8024,-1647,1,0,0
513,8146,853,1,0,0
514,7528,3227,1,0,0
515,6235,5312,1,0,0
516,4382,6920,1,0,0
517,2088,7921,1,0,0
518,-352,8183,1,0,0
519,-2759,7712,1,0,0
520,-4960,6519,1,0,0
521,-6668,4757,1,0,0
522,-7778,2569,1,0,0
523,-8190,101,1,0,0
524,-7853,-2330,1,0,0
525,-6811,-4551,1,0,0
526,-5118,-6395,1,0,0
527,-2995,-7624,1,0,0
528,-552,-8172,1,0,0
529,1893,-7969,1,0,0
530,4168,-7051,1,0,0
531,6103,-5463,1,0,0
532,7447,-3411,1,0,0
533,8129,-1003,1,0,0
534,8062,1450,1,0,0
535,7247,3817,1,0,0
536,5792,5792,1,0,0
537,3772,7271,1,0,0
538,1450,8062,1,0,0
539,-1053,8123,1,0,0
540,-3411,7447,1,0,0
541,-5501,6069,1,0,0
542,-7077,4124,1,0,0
543,-7981,1844,1,0,0
544,-8165,-653,1,0,0
545,-7605,-3041,1,0,0
546,-6332,-5196,1,0,0
547,-4467,-6866,1,0,0
548,-2233,-7881,1,0,0
549,251,-8187,1,0,0
550,2712,-7729,1,0,0
551,4920,-6549,1,0,0
552,6638,-4798,1,0,0
553,7778,-2569,1,0,0
554,8190,-101,1,0,0
555,7853,2330,1,0,0
556,6783,4592,1,0,0
557,5079,6426,1,0,0
558,2901,7660,1,0,0
559,452,8179,1,0,0
560,-1990,7946,1,0,0
561,-4297,6973,1,0,0
562,-6202,5350,1,0,0
563,-7528,3227,1,0,0
564,-8152,803,1,0,0
565,-8013,-1696,1,0,0
566,-7127,-4037,1,0,0
567,-5575,-6001,1,0,0
568,-3502,-7405,1,0,0
569,-1152,-8110,1,0,0
570,1351,-8079,1,0,0
571,3728,-7294,1,0,0
572,5756,-5827,1,0,0
573,7247,-3817,1,0,0
574,8062,-1450,1,0,0
575,8123,1053,1,0,0
576,7426,3457,1,0,0
577,6035,5538,1,0,0
578,4081,7102,1,0,0
579,1696,8013,1,0,0
580,-803,8152,1,0,0
581,-3227,7528,1,0,0
582,-5350,6202,1,0,0
583,-6973,4297,1,0,0
584,-7946,1990,1,0,0
585,-8176,-502,1,0,0
586,-7642,-2948,1,0,0
587,-6363,-5157,1,0,0
588,-4509,-6838,1,0,0
589,-2233,-7881,1,0,0
590,251,-8187,1,0,0
591,2712,-7729,1,0,0
592,4960,-6519,1,0,0
593,6697,-4716,1,0,0
594,7809,-2474,1,0,0
595,8191,0,1,0,0
596,7793,2522,1,0,0
597,6668,4757,1,0,0
598,4920,6549,1,0,0
599,2665,7745,1,0,0
600,201,8189,1,0,0
601,-2281,7867,1,0,0
602,-4592,6783,1,0,0
603,-6426,5079,1,0,0
604,-7660,2901,1,0,0
605,-8181,402,1,0,0
606,-7921,-2088,1,0,0
607,-6893,-4425,1,0,0
608,-5235,-6300,1,0,0
609,-3088,-7587,1,0,0
610,-603,-8169,1,0,0
611,1893,-7969,1,0,0
612,4254,-7000,1,0,0
613,6169,-5388,1,0,0
614,7528,-3227,1,0,0
615,8152,-803,1,0,0
616,8003,1746,1,0,0
617,7077,4124,1,0,0
618,5501,6069,1,0,0
619,3365,7468,1,0,0
620,953,8135,1,0,0
621,-1598,8034,1,0,0
622,-3950,7176,1,0,0
623,-5967,5612,1,0,0
624,-7405,3502,1,0,0
625,-8116,1102,1,0,0
626,-8062,-1450,1,0,0
627,-7224,-3861,1,0,0
628,-5720,-5863,1,0,0
629,-3638,-7339,1,0,0
630,-1202,-8102,1,0,0
631,1351,-8079,1,0,0
632,3728,-7294,1,0,0
633,5792,-5792,1,0,0
634,7294,-3728,1,0,0
635,8087,-1301,1,0,0
636,8102,1202,1,0,0
637,7339,3638,1,0,0
638,5863,5720,1,0,0
639,3817,7247,1,0,0
640,1400,8070,1,0,0
641,-1152,8110,1,0,0
642,-3547,7383,1,0,0
643,-5648,5932,1,0,0
644,-7200,3905,1,0,0
645,-8053,1499,1,0,0
646,-8123,-1053,1,0,0
647,-7405,-3502,1,0,0
648,-5967,-5612,1,0,0
649,-3950,-7176,1,0,0
650,-1549,-8043,1,0,0
651,1003,-8129,1,0,0
652,3457,-7426,1,0,0
653,5575,-6001,1,0,0
654,7152,-3994,1,0,0
655,8034,-1598,1,0,0
656,8135,953,1,0,0
657,7447,3411,1,0,0
658,6035,5538,1,0,0
659,4037,7127,1,0,0
660,1647,8024,1,0,0
661,-903,8141,1,0,0
662,-3411,7447,1,0,0
663,-5538,6035,1,0,0
664,-7127,4037,1,0,0
665,-8024,1647,1,0,0
666,-8141,-903,1,0,0
667,-7468,-3365,1,0,0
668,-6035,-5538,1,0,0
669,-4037,-7127,1,0,0
670,-1647,-8024,1,0,0
671,903,-8141,1,0,0
672,3411,-7447,1,0,0
673,5538,-6035,1,0,0
674,7127,-4037,1,0,0
675,8024,-1647,1,0,0
676,8135,953,1,0,0
677,7447,3411,1,0,0
678,6035,5538,1,0,0
679,3994,7152,1,0,0
680,1598,8034,1,0,0
681,-953,8135,1,0,0
682,-3457,7426,1,0,0
683,-5575,6001,1,0,0
684,-7176,3950,1,0,0
685,-8043,1549,1,0,0
686,-8123,-1053,1,0,0
687,-7405,-3502,1,0,0
688,-5967,-5612,1,0,0
689,-3905,-7200,1,0,0
690,-1499,-8053,1,0,0
691,1102,-8116,1,0,0
692,3547,-7383,1,0,0
693,5684,-5898,1,0,0
694,7224,-3861,1,0,0
695,8070,-1400,1,0,0
696,8102,1202,1,0,0
697,7339,3638,1,0,0
698,5827,5756,1,0,0
699,3772,7271,1,0,0
700,1301,8087,1,0,0
701,-1301,8087,1,0,0
702,-3728,7294,1,0,0
703,-5827,5756,1,0,0
704,-7339,3638,1,0,0
705,-8102,1202,1,0,0
706,-8070,-1400,1,0,0
707,-7224,-3861,1,0,0
708,-5684,-5898,1,0,0
709,-3547,-7383,1,0,0
710,-1053,-8123,1,0,0
711,1549,-8043,1,0,0
712,3950,-7176,1,0,0
713,6001,-5575,1,0,0
714,7447,-3411,1,0,0
715,8141,-903,1,0,0
716,8013,1696,1,0,0
717,7102,4081,1,0,0
718,5463,6103,1,0,0
719,3273,7509,1,0,0
720,753,8156,1,0,0
721,-1844,7981,1,0,0
722,-4254,7000,1,0,0
723,-6235,5312,1,0,0
724,-7587,3088,1,0,0
725,-8172,552,1,0,0
726,-7946,-1990,1,0,0
727,-6920,-4382,1,0,0
728,-5196,-6332,1,0,0
729,-2948,-7642,1,0,0
730,-402,-8181,1,0,0
731,2185,-7894,1,0,0
732,4551,-6811,1,0,0
733,6457,-5039,1,0,0
734,7712,-2759,1,0,0
735,8190,-151,1,0,0
736,7824,2426,1,0,0
737,6668,4757,1,0,0
738,4839,6609,1,0,0
739,2522,7793,1,0,0
740,-50,8191,1,0,0
741,-2617,7762,1,0,0
742,-4920,6549,1,0,0
743,-6754,4634,1,0,0
744,-7867,2281,1,0,0
745,-8185,-301,1,0,0
746,-7678,-2854,1,0,0
747,-6395,-5118,1,0,0
748,-4425,-6893,1,0,0
749,-2039,-7933,1,0,0
750,552,-8172,1,0,0
751,3088,-7587,1,0,0
752,5350,-6202,1,0,0
753,7026,-4211,1,0,0
754,7992,-1795,1,0,0
755,8152,803,1,0,0
756,7468,3365,1,0,0
757,6035,5538,1,0,0
758,3950,7176,1,0,0
759,1499,8053,1,0,0
760,-1102,8116,1,0,0
761,-3638,7339,1,0,0
762,-5756,5827,1,0,0
763,-7316,3683,1,0,0
764,-8102,1202,1,0,0
765,-8070,-1400,1,0,0
766,-7200,-3905,1,0,0
767,-5612,-5967,1,0,0
768,-3411,-7447,1,0,0
769,-903,-8141,1,0,0
770,1746,-8003,1,0,0
771,4168,-7051,1,0,0
772,6202,-5350,1,0,0
773,7567,-3135,1,0,0
774,8172,-552,1,0,0
775,7921,2088,1,0,0
776,6866,4467,1,0,0
777,5079,6426,1,0,0
778,2807,7695,1,0,0
779,201,8189,1,0,0
780,-2426,7824,1,0,0
781,-4757,6668,1,0,0
782,-6638,4798,1,0,0
783,-7824,2426,1,0,0
784,-8190,-151,1,0,0
785,-7712,-2759,1,0,0
786,-6426,-5079,1,0,0
787,-4509,-6838,1,0,0
788,-2088,-7921,1,0,0
789,552,-8172,1,0,0
790,3135,-7567,1,0,0
791,5350,-6202,1,0,0
792,7051,-4168,1,0,0
793,8013,-1696,1,0,0
794,8135,953,1,0,0
795,7405,3502,1,0,0
796,5898,5684,1,0,0
797,3817,7247,1,0,0
798,1301,8087,1,0,0
799,-1351,8079,1,0,0
800,-3861,7224,1,0,0
801,-5967,5612,1,0,0
802,-7447,3411,1,0,0
803,-8146,853,1,0,0
804,-7992,-1795,1,0,0
805,-7000,-4254,1,0,0
806,-5274,-6267,1,0,0
807,-2995,-7624,1,0,0
808,-402,-8181,1,0,0
809,2233,-7881,1,0,0
810,4634,-6754,1,0,0
811,6549,-4920,1,0,0
812,7778,-2569,1,0,0
813,8191,50,1,0,0
814,7745,2665,1,0,0
815,6488,5000,1,0,0
816,4551,6811,1,0,0
817,2136,7908,1,0,0
818,-502,8176,1,0,0
819,-3135,7567,1,0,0
820,-5388,6169,1,0,0
821,-7077,4124,1,0,0
822,-8024,1647,1,0,0
823,-8129,-1003,1,0,0
824,-7383,-3547,1,0,0
825,-5827,-5756,1,0,0
826,-3683,-7316,1,0,0
827,-1152,-8110,1,0,0
828,1499,-8053,1,0,0
829,4037,-7127,1,0,0
830,6103,-5463,1,0,0
831,7528,-3227,1,0,0
832,8165,-653,1,0,0
833,7933,2039,1,0,0
834,6866,4467,1,0,0
835,5079,6426,1,0,0
836,2712,7729,1,0,0
837,101,8190,1,0,0
838,-2569,7778,1,0,0
839,-4920,6549,1,0,0
840,-6754,4634,1,0,0
841,-7894,2185,1,0,0
842,-8179,-452,1,0,0
843,-7587,-3088,1,0,0
844,-6202,-5350,1,0,0
845,-4124,-7077,1,0,0
846,-1647,-8024,1,0,0
847,1053,-8123,1,0,0
848,3593,-7361,1,0,0
849,5792,-5792,1,0,0
850,7339,-3638,1,0,0
851,8123,-1053,1,0,0
852,8034,1598,1,0,0
853,7077,4124,1,0,0
854,5388,6169,1,0,0
855,3088,7587,1,0,0
856,452,8179,1,0,0
857,-2185,7894,1,0,0
858,-4634,6754,1,0,0
859,-6579,4879,1,0,0
860,-7793,2522,1,0,0
861,-8190,-151,1,0,0
862,-7695,-2807,1,0,0
863,-6395,-5118,1,0,0
864,-4382,-6920,1,0,0
865,-1893,-7969,1,0,0
866,753,-8156,1,0,0
867,3365,-7468,1,0,0
868,5612,-5967,1,0,0
869,7247,-3817,1,0,0
870,8095,-1252,1,0,0
871,8070,1400,1,0,0
872,7176,3950,1,0,0
873,5501,6069,1,0,0
874,3227,7528,1,0,0
875,603,8169,1,0,0
876,-2088,7921,1,0,0
877,-4509,6838,1,0,0
878,-6488,5000,1,0,0
879,-7762,2617,1,0,0
880,-8191,-50,1,0,0
881,-7729,-2712,1,0,0
882,-6426,-5079,1,0,0
883,-4425,-6893,1,0,0
884,-1941,-7958,1,0,0
885,753,-8156,1,0,0
886,3365,-7468,1,0,0
887,5612,-5967,1,0,0
888,7247,-3817,1,0,0
889,8095,-1252,1,0,0
890,8062,1450,1,0,0
891,7152,3994,1,0,0
892,5463,6103,1,0,0
893,3181,7548,1,0,0
894,552,8172,1,0,0
895,-2136,7908,1,0,0
896,-4634,6754,1,0,0
897,-6579,4879,1,0,0
898,-7809,2474,1,0,0
899,-8189,-201,1,0,0
900,-7678,-2854,1,0,0
901,-6332,-5196,1,0,0
902,-4254,-7000,1,0,0
903,-1746,-8003,1,0,0
904,953,-8135,1,0,0
905,3547,-7383,1,0,0
906,5792,-5792,1,0,0
907,7361,-3593,1,0,0
908,8129,-1003,1,0,0
909,8013,1696,1,0,0
910,7000,4254,1,0,0
911,5235,6300,1,0,0
912,2901,7660,1,0,0
913,201,8189,1,0,0
914,-2474,7809,1,0,0
915,-4879,6579,1,0,0
916,-6783,4592,1,0,0
917,-7908,2136,1,0,0
918,-8169,-603,1,0,0
919,-7528,-3227,1,0,0
920,-6069,-5501,1,0,0
921,-3905,-7200,1,0,0
922,-1351,-8079,1,0,0
923,1400,-8070,1,0,0
924,3950,-7176,1,0,0
925,6103,-5463,1,0,0
926,7548,-3181,1,0,0
927,8176,-502,1,0,0
928,7894,2185,1,0,0
929,6726,4675,1,0,0
930,4839,6609,1,0,0
931,2378,7838,1,0,0
932,-352,8183,1,0,0
933,-2995,7624,1,0,0
934,-5350,6202,1,0,0
935,-7077,4124,1,0,0
936,-8043,1549,1,0,0
937,-8102,-1202,1,0,0
938,-7271,-3772,1,0,0
939,-5612,-5967,1,0,0
940,-3319,-7488,1,0,0
941,-703,-8161,1,0,0
942,2039,-7933,1,0,0
943,4551,-6811,1,0,0
944,6549,-4920,1,0,0
945,7793,-2522,1,0,0
946,8189,201,1,0,0
947,7660,2901,1,0,0
948,6267,5274,1,0,0
949,4211,7026,1,0,0
950,1647,8024,1,0,0
951,-1102,8116,1,0,0
952,-3728,7294,1,0,0
953,-5932,5648,1,0,0
954,-7468,3365,1,0,0
955,-8161,703,1,0,0
956,-7946,-1990,1,0,0
957,-6838,-4509,1,0,0
958,-4960,-6519,1,0,0
959,-2522,-7793,1,0,0
960,201,-8189,1,0,0
961,2901,-7660,1,0,0
962,5274,-6267,1,0,0
963,7051,-4168,1,0,0
964,8034,-1598,1,0,0
965,8110,1152,1,0,0
966,7271,3772,1,0,0
967,5612,5967,1,0,0
968,3319,7488,1,0,0
969,653,8165,1,0,0
970,-2088,7921,1,0,0
971,-4592,6783,1,0,0
972,-6579,4879,1,0,0
973,-7838,2378,1,0,0
974,-8183,-352,1,0,0
975,-7605,-3041,1,0,0
976,-6169,-5388,1,0,0
977,-4037,-7127,1,0,0
978,-1450,-8062,1,0,0
979,1301,-8087,1,0,0
980,3950,-7176,1,0,0
981,6103,-5463,1,0,0
982,7567,-3135,1,0,0
983,8179,-452,1,0,0
984,7853,2330,1,0,0
985,6638,4798,1,0,0
986,4675,6726,1,0,0
987,2185,7894,1,0,0
988,-603,8169,1,0,0
989,-3273,7509,1,0,0
990,-5575,6001,1,0,0
991,-7271,3772,1,0,0
992,-8110,1152,1,0,0
993,-8034,-1598,1,0,0
994,-7026,-4211,1,0,0
995,-5235,-6300,1,0,0
996,-2807,-7695,1,0,0
997,-101,-8190,1,0,0
998,2617,-7762,1,0,0
999,5079,-6426,1,0,0
1000,6920,-4382,1,0,0
1001,7992,-1795,1,0,0
1002,8135,953,1,0,0
1003,7339,3638,1,0,0
1004,5720,5863,1,0,0
1005,3411,7447,1,0,0
1006,753,8156,1,0,0
1007,-2039,7933,1,0,0
1008,-4551,6811,1,0,0
1009,-6579,4879,1,0,0
1010,-7838,2378,1,0,0
1011,-8183,-352,1,0,0
1012,-7587,-3088,1,0,0
1013,-6136,-5426,1,0,0
1014,-3950,-7176,1,0,0
1015,-1301,-8087,1,0,0
1016,1450,-8062,1,0,0
1017,4081,-7102,1,0,0
1018,6235,-5312,1,0,0
1019,7642,-2948,1,0,0
1020,8189,-201,1,0,0
1021,7778,2569,1,0,0
1022,6457,5039,1,0,0
1023,4425,6893,1,0,0
